Url;World rank;Overall Visits;Time On Site;Pages per Visit;Bounce Rate;Organic Search;Country 1;%;Country 2;%;Country 3;%;Country 4;%;Country 5;%
diycode.cc;185,705;371.43K;00:00:44;1,32;73.39%;72.97;China;69.26%;United States;9.15%;Hong Kong;1.62%;Taiwan;1.35%;United Kingdom;1.34%
oldjpg.com;4,664,790;5.91K;00:00:28;1,41;65.87%;86.90;China;32.33%;United States;13.18%;Brazil;11.84%;Japan;8.91%;Germany;8.07%
phpcantho.com;8,822,934;2.55K;00:00:13;1,19;61.8%;72.90;United States;21.07%;Vietnam;19.34%;Mexico;15.28%;Turkey;10.96%;India;9.21%
meetup.com;1,016;37.38M;00:04:14;6,73;37.78%;21.70;United States;52.61%;United Kingdom;8.71%;Canada;6.14%;Australia;3.3%;Spain;2.7%
gregory-thibault.com;-;;;;;;;;;;;;;;;
xamthone.org;-;;;;;;;;;;;;;;;
cocoadocs.org;-;;;;;;;;;;;;;;;
libhunt.com;-;;;;;;;;;;;;;;;
techhype.io;-;;;;;;;;;;;;;;;
recordnotfound.com;301,254;226.02K;00:00:20;1,17;78.31%;96.43;United States;14.39%;China;8.98%;Brazil;6.66%;Vietnam;5.18%;Germany;4.1%
