Url;World rank;Overall Visits;Time On Site;Pages per Visit;Bounce Rate;Organic Search;Country 1;%;Country 2;%;Country 3;%;Country 4;%;Country 5;%;
oldjpg.com parsed
gregory-thibault.com parsed
diycode.cc parsed
meetup.com parsed
phpcantho.com parsed
xamthone.org parsed
cocoadocs.org parsed
libhunt.com parsed
techhype.io parsed
recordnotfound.com parsed
javascriptkicks.com parsed
afbros.com parsed
raadiye.com parsed
promoteproject.com parsed
pechakucha.org parsed
techsite.io parsed
moronik.org parsed
irinnovative.com parsed
blackhataso.com parsed
behance.net parsed
refind.com parsed
uimovement.com parsed
lib4dev.com parsed
jcodecraeer.com parsed
cnblogs.com parsed
jsobject.info parsed
etsung.com parsed
cocoapods.org parsed
startups-list.com parsed
gitstar-ranking.com parsed
brightoutsource.com parsed
android-gems.com parsed
6maa.com parsed
outofmemory.cn parsed
open-open.com parsed
growthhackers.com parsed
gitmostwanted.com parsed
ctolib.com parsed
omaha-advertising.com parsed
designernews.co parsed
one-tab.com parsed
ggdb-saldi.com parsed
codeproject.com parsed
codekk.com parsed
blockchainworldwide247.com parsed
libraries.io parsed
jsfeeds.com parsed
barnacl.es parsed
savepearlharbor.com parsed
hypergridbusiness.com parsed
typ.io parsed
kogonuso.com parsed
alexcurylo.com parsed
cocoachina.com parsed
goodfirms.co parsed
agileactors.com parsed
dayexie.com parsed
funkreman.com parsed
h4labs.com parsed
creativeprofessionaldevelopment.blogspot.com parsed
sibche.ir parsed
idney.com parsed
maniacdev.com parsed
123.59.131.251 parsed
listofdomains.org parsed
habr.com parsed
androidxy.com parsed
feeds.blue parsed
uubook.net parsed
davewood.uk parsed
testlybits.com parsed
eternalstorms.at parsed
arch-times.com parsed
wellnessworks.us parsed
launchpadapps.com.au parsed
worldlink.com.cn parsed
voat.co parsed
gitrep.com parsed
keyword-suggestions.com parsed
pinsdaddy.com parsed
feedyeti.com parsed
pinstake.com parsed
scoop.it parsed
csdn.net parsed
bestmk.cn parsed
thepinsta.com parsed
dna325.com parsed
habrahabr.net parsed
basilosaur.us parsed
compkaluga.ru parsed
codedata.cn parsed
9apps.com parsed
admobilemarketing.com parsed
hotelsandlodgings.com parsed
oloschurchtp.com parsed
windenergyinvesting.com parsed
keywordsking.com parsed
alphagamma.eu parsed
kamaishinet.jp parsed
honestdot.com parsed
mddhosting.com parsed
sys-con.com parsed
unitedijawstates.com parsed
essay-on-fire.com parsed
finalshares.com parsed
jet-almost-lover.cn parsed
minademian.com parsed
sitepoint.com parsed
smashingmagazine.com parsed
7labs.io parsed
taasi.org parsed
codemade.io parsed
codango.com parsed
liuhaihua.cn parsed
apptractor.ru parsed
lobste.rs parsed
apporchestra.com parsed
jumpic.com parsed
isdownorblocked.com parsed
jobbole.com parsed
dogahotel.com parsed
keywordhungry.com parsed
keywordlister.com parsed
mamicode.com parsed
optimus5.com parsed
ticketforevent.com parsed
flatshape.org parsed
articleted.com parsed
vilim1978709.blogspot.com parsed
fentutu.com parsed
fullstackfeed.com parsed
speckyboy.com parsed
slides.com parsed
healthcareguys.com parsed
viesearch.com parsed
xfenglin.com parsed
unitxi.com.ua parsed
porter.io parsed
iterate.ai parsed
newsfeed.es parsed
apkbus.com parsed
mr-branding.blogspot.com parsed
thehotstrudel.blogspot.com parsed
degreed.com parsed
dribbble.com parsed
fristweb.com parsed
likebamboo.com parsed
oxyleads.com parsed
studentshow.com parsed
uxarchive.com parsed
wikiomni.com parsed
yqdown.com parsed
cbi.eu parsed
mengdd.github.io parsed
itdell.ru parsed
vc.ru parsed
zcool.com.cn parsed
thinksaas.cn parsed
10tiao.com parsed
highaltitudeoolong.blogspot.com parsed
dogpile.com parsed
insanelymac.com parsed
land-book.com parsed
openthinklabs.com parsed
picquery.com parsed
ulitzer.com parsed
youngupstarts.com parsed
i-programmer.info parsed
gitbooks.io parsed
xivol.github.io parsed
jobik.net parsed
shamcode.ru parsed
independentvoice.us parsed
91.98.28.154 parsed
websiteexamples.agency parsed
jonaskarlsson.co parsed
highly.co parsed
cocoascientist.com parsed
infoq.com parsed
howtodoweb.com parsed
pentoz.com parsed
raywenderlich.com parsed
stackoverflow.com parsed
terredesel.com parsed
themanifest.com parsed
thisisglance.com parsed
thriveglobal.com parsed
wdevops.com parsed
stephaniewalter.fr parsed
baiduhidevios.github.io parsed
boute.ir parsed
ahlusunna.org parsed
liof.org parsed
alterprogs.ru parsed
opelcikmayedekparca.org parsed
samsung4android.ru parsed
applikeysolutions.com parsed
91yian.com parsed
indigo.co.ua parsed
dongcoder.com parsed
phperz.com parsed
keywordsdoctor.com parsed
mtons.com parsed
productdisrupt.com parsed
thaqafaonline.com parsed
theinscribermag.com parsed
uaevent.com parsed
webfalse.com parsed
zeef.com parsed
kreativrauschen.de parsed
ajello.info parsed
stmag.info parsed
iandai.github.io parsed
willyan.me parsed
sohabr.net parsed
andrewumc.org parsed
loadaverage.org parsed
habrahabr.ru parsed
kalmykia.us parsed
websiteranking.agency parsed
jetecommerce.com.br parsed
skillart.cn parsed
ui.cn parsed
almanoof.co parsed
ello.co parsed
index.co parsed
interiordesignflorida.co parsed
52laoshiji.com parsed
71hui.com parsed
aaronandroiddev.blogspot.com parsed
hotelsinlasvegaspukuzosa.blogspot.com parsed
ipixelcreative.blogspot.com parsed
joelluz.blogspot.com parsed
camphus.com parsed
codesocang.com parsed
wirosa.blogspot.com parsed
designbolts.com parsed
devbattles.com parsed
digitaljournal.com parsed
dr-hempel-network.com parsed
dzone.com parsed
gitee.com parsed
gotvantage.com parsed
hauserscovehomesonthelake.com parsed
idevie.com parsed
ifanr.com parsed
indieiosfocus.com parsed
jar-download.com parsed
job-yangoo.com parsed
jobspotting.com parsed
knowpia.com parsed
kotlintc.com parsed
navkolonas.com parsed
opendatabot.com parsed
pass4dumps.com parsed
pdhotspot.com parsed
phpscriptdirectory.com parsed
principlerepo.com parsed
qiscus.com parsed
readymag.com parsed
runoob.com parsed
shoutmeloud.com parsed
sibche.com parsed
solsticepower.com parsed
stilroof.com parsed
supplypost.com parsed
suoniao.com parsed
tailec.com parsed
tgdaily.com parsed
tapfame.com parsed
teckfly.com parsed
typesample.com parsed
wacom.com parsed
weihungliu.com parsed
wangsong520.com parsed
wxdroid.com parsed
xiaoxiansheng.com parsed
itweekend.events parsed
inosmi.info parsed
vsibiri.info parsed
gank.io parsed
skykai521.github.io parsed
yume190.github.io parsed
bot.kz parsed
ezcx.net parsed
hi-rich.net parsed
lan6.net parsed
oschina.net parsed
softroad.net parsed
kiwix.org parsed
nxtforum.org parsed
apps4all.ru parsed
technofaq.org parsed
darrarski.pl parsed
lpgzt.ru parsed
informatio.ru parsed
designmojo.ru parsed
ngs.ru parsed
render.ru parsed
rusregioninform.ru parsed
s2z.ru parsed
techvesti.ru parsed
work.ua parsed
thebestpets.us parsed
123.57.218.54 parsed
18.209.126.167 parsed
websitelayout.agency parsed
websitemaking.agency parsed
rubyonrails.ba parsed
swifty.cc parsed
androidblog.cn parsed
j321.cn parsed
beibq.cn parsed
devstore.cn parsed
djinni.co parsed
jiaoyigui.cn parsed
ressume.co parsed
apptweak.com parsed
android-arsenal.com parsed
vistalist.co parsed
bittreat.com parsed
berthastover.blogspot.com parsed
apsense.com parsed
cuponeanconmigo.blogspot.com parsed
marketinggoogl.blogspot.com parsed
formyourownfuture.blogspot.com parsed
habrparser.blogspot.com parsed
bubuko.com parsed
buildfire.com parsed
clouderwork.com parsed
devtang.com parsed
exionz.com parsed
farfromhappy.com parsed
freebiejar.com parsed
fullstackua.com parsed
getresponse.com parsed
gulfirevision.com parsed
innofied.com parsed
itshenry.com parsed
itdaan.com parsed
mobiledevweekly.com parsed
medium.com parsed
myevolvedbody.com parsed
ongoodbits.com parsed
producthunt.com parsed
pfind.com parsed
sendbird.com parsed
sellmyapp.com parsed
see-source.com parsed
softf1.com parsed
tqcto.com parsed
uxdesign247.com parsed
tutorialchip.com parsed
webdevelopmentcost.com parsed
xataka.com parsed
zhishichong.com parsed
ediebrickell.info parsed
gendolf.info parsed
frodoking.github.io parsed
gabrielghe.github.io parsed
scotch.io parsed
classmethod.jp parsed
japaneseclass.jp parsed
hatena.ne.jp parsed
indywatch.org parsed
bigdataexpo.net parsed
metacpan.org parsed
rubygarage.org parsed
asmo.ru parsed
iphone-mods.ru parsed
madcats.ru parsed
ingvarr.net.ru parsed
penza-press.ru parsed
thevista.ru parsed
planetvenus.space parsed
webcreator.ua parsed
computercentral.us parsed
nprint.us parsed
rocko.xyz parsed
websiteaudit.agency parsed
geniusbank.biz parsed
codificar.com.br parsed
concrete.com.br parsed
fitmobile.com.br parsed
dev.by parsed
amaprd.cc parsed
iphil.cc parsed
gnusocial.club parsed
allluckly.cn parsed
bugcode.cn parsed
electric-cloud.com.cn parsed
cokco.cn parsed
hihot.cn parsed
kingwins.com.cn parsed
linux.cn parsed
shidian.net.cn parsed
cranleigh-taxi.co parsed
sdk.cn parsed
curated.co parsed
hurree.co parsed
muzofox.co parsed
sneakysmart.co parsed
1873nn.com parsed
3d2000.com parsed
36zhen.com parsed
accessdomain.com parsed
adkdevelopment.com parsed
adomikao.com parsed
albertarroyo.com parsed
alex-zaitsev.com parsed
aliyun.com parsed
anews.com parsed
angularbooks.com parsed
appmarketingstack.com parsed
appsee.com parsed
apterainc.com parsed
atsid.com parsed
apsalar.com parsed
audit-gsc.com parsed
aulaformativa.com parsed
b2b-ray.com parsed
bilshe.com parsed
beatrizciudadescolar.blogspot.com parsed
bacsoftwareconsulting.com parsed
latessearchengineupdatestoday.blogspot.com parsed
madelifesmart.blogspot.com parsed
noelhodson.blogspot.com parsed
burakustn.com parsed
changelog.com parsed
cheap-mom.com parsed
cmgine.com parsed
cocoacontrols.com parsed
codeceo.com parsed
codingsky.com parsed
commsaxis.com parsed
content-loop.com parsed
curcuyo.com parsed
dareboost.com parsed
developer.com parsed
detroitlabs.com parsed
digitaldurda.com parsed
ekaprasasti.com parsed
downloadappsfor.com parsed
digitalistmag.com parsed
electric-cloud.com parsed
emgeesoft.com parsed
evangelischefreikirche.com parsed
ferdbi.com parsed
forhy.com parsed
freebiesupply.com parsed
freewechat.com parsed
funnycaptions.com parsed
geekgrade.com parsed
play.google.com parsed
hawkingouyang.com parsed
helptile.com parsed
guarana-technologies.com parsed
hercampus.com parsed
hl1987.com parsed
houselens.com parsed
icicletech.com parsed
imooc.com parsed
index-webdesign.com parsed
infinigeek.com parsed
instabug.com parsed
instamour.com parsed
iosicongallery.com parsed
iphonerelease.com parsed
ipragmatech.com parsed
itlao5.com parsed
itxiaoji.com parsed
itserbiapodcast.com parsed
ityounker.com parsed
jfcol.com parsed
jabahub.com parsed
jeevesknows.com parsed
jiasuhui.com parsed
kdp-info.com parsed
kewangst.com parsed
kickstarter.com parsed
landingfolio.com parsed
kotlinist.com parsed
konsus.com parsed
legatobfzblog.com parsed
libhive.com parsed
likrot.com parsed
lingkb.com parsed
makesuccessfulapp.com parsed
mobilemarketer.com parsed
mycustomer.com parsed
normalhh.com parsed

