diycode.cc;185,705;371.43K;00:00:44;1,32;73.39%;72.97
oldjpg.com;4,664,790;5.91K;00:00:28;1,41;65.87%;86.90
phpcantho.com;8,822,934;2.55K;00:00:13;1,19;61.8%;72.90
meetup.com;1,016;37.38M;00:04:14;6,73;37.78%;21.70
gregory-thibault.com;13,945,851;1.45K;00:00:00;1;46.41%;100.00
xamthone.org;21,683,041                ;418;00:00:08;1,29;70.86%;9.51
cocoadocs.org;539,085;65.74K;00:01:26;2,78;48.62%;47.24
libhunt.com;235,353;219.71K;00:02:24;2,37;52.12%;45.18
techhype.io;1,742,478;21.45K;00:01:05;1,47;65.93%;7.16
recordnotfound.com;;;;;;
javascriptkicks.com;;;;;;
raadiye.com;;;;;;
afbros.com;;;;;;
promoteproject.com;;;;;;
pechakucha.org;;;;;;
techsite.io;;;;;;
moronik.org;;;;;;
irinnovative.com;;;;;;
blackhataso.com;;;;;;
jcodecraeer.com;;;;;;
refind.com;;;;;;
behance.net;;;;;;
uimovement.com;;;;;;
lib4dev.com;;;;;;
cnblogs.com;;;;;;
jsobject.info;;;;;;
etsung.com;;;;;;
cocoapods.org;;;;;;
startups-list.com;;;;;;
gitstar-ranking.com;;;;;;
6maa.com;;;;;;
android-gems.com;;;;;;
open-open.com;;;;;;
brightoutsource.com;;;;;;
outofmemory.cn;;;;;;
growthhackers.com;;;;;;
gitmostwanted.com;;;;;;
ctolib.com;;;;;;
omaha-advertising.com;;;;;;
designernews.co;;;;;;
one-tab.com;;;;;;
ggdb-saldi.com;;;;;;
codekk.com;;;;;;
codeproject.com;;;;;;
libraries.io;;;;;;
blockchainworldwide247.com;;;;;;
jsfeeds.com;;;;;;
barnacl.es;;;;;;
savepearlharbor.com;;;;;;
hypergridbusiness.com;;;;;;
kogonuso.com;;;;;;
typ.io;;;;;;
alexcurylo.com;;;;;;
cocoachina.com;;;;;;
goodfirms.co;;;;;;
agileactors.com;;;;;;
dayexie.com;;;;;;
funkreman.com;;;;;;
h4labs.com;;;;;;
creativeprofessionaldevelopment.blogspot.com;;;;;;
sibche.ir;;;;;;
idney.com;;;;;;
maniacdev.com;;;;;;
123.59.131.251;;;;;;
feeds.blue;;;;;;
androidxy.com;;;;;;
listofdomains.org;;;;;;
habr.com;;;;;;
uubook.net;;;;;;
davewood.uk;;;;;;
eternalstorms.at;;;;;;
arch-times.com;;;;;;
testlybits.com;;;;;;
wellnessworks.us;;;;;;
launchpadapps.com.au;;;;;;
worldlink.com.cn;;;;;;
voat.co;;;;;;
gitrep.com;;;;;;
pinsdaddy.com;;;;;;
scoop.it;;;;;;
feedyeti.com;;;;;;
keyword-suggestions.com;;;;;;
pinstake.com;;;;;;
csdn.net;;;;;;
habrahabr.net;;;;;;
basilosaur.us;;;;;;
bestmk.cn;;;;;;
dna325.com;;;;;;
thepinsta.com;;;;;;
compkaluga.ru;;;;;;
codedata.cn;;;;;;
9apps.com;;;;;;
admobilemarketing.com;;;;;;
hotelsandlodgings.com;;;;;;
keywordsking.com;;;;;;
oloschurchtp.com;;;;;;
windenergyinvesting.com;;;;;;
alphagamma.eu;;;;;;
kamaishinet.jp;;;;;;
honestdot.com;;;;;;
mddhosting.com;;;;;;
sys-con.com;;;;;;
essay-on-fire.com;;;;;;
unitedijawstates.com;;;;;;
finalshares.com;;;;;;
jet-almost-lover.cn;;;;;;
minademian.com;;;;;;
sitepoint.com;;;;;;
smashingmagazine.com;;;;;;
7labs.io;;;;;;
taasi.org;;;;;;
apptractor.ru;;;;;;
liuhaihua.cn;;;;;;
codango.com;;;;;;
codemade.io;;;;;;
lobste.rs;;;;;;
apporchestra.com;;;;;;
dogahotel.com;;;;;;
isdownorblocked.com;;;;;;
jobbole.com;;;;;;
jumpic.com;;;;;;
keywordhungry.com;;;;;;
keywordlister.com;;;;;;
mamicode.com;;;;;;
optimus5.com;;;;;;
ticketforevent.com;;;;;;
flatshape.org;;;;;;
articleted.com;;;;;;
vilim1978709.blogspot.com;;;;;;
fentutu.com;;;;;;
fullstackfeed.com;;;;;;
healthcareguys.com;;;;;;
slides.com;;;;;;
speckyboy.com;;;;;;
viesearch.com;;;;;;
xfenglin.com;;;;;;
newsfeed.es;;;;;;
porter.io;;;;;;
unitxi.com.ua;;;;;;
iterate.ai;;;;;;
apkbus.com;;;;;;
mr-branding.blogspot.com;;;;;;
thehotstrudel.blogspot.com;;;;;;
degreed.com;;;;;;
dribbble.com;;;;;;
fristweb.com;;;;;;
likebamboo.com;;;;;;
oxyleads.com;;;;;;
studentshow.com;;;;;;
uxarchive.com;;;;;;
wikiomni.com;;;;;;
yqdown.com;;;;;;
cbi.eu;;;;;;
mengdd.github.io;;;;;;
itdell.ru;;;;;;
vc.ru;;;;;;
zcool.com.cn;;;;;;
thinksaas.cn;;;;;;
10tiao.com;;;;;;
highaltitudeoolong.blogspot.com;;;;;;
dogpile.com;;;;;;
insanelymac.com;;;;;;
land-book.com;;;;;;
openthinklabs.com;;;;;;
picquery.com;;;;;;
ulitzer.com;;;;;;
youngupstarts.com;;;;;;
i-programmer.info;;;;;;
gitbooks.io;;;;;;
xivol.github.io;;;;;;
jobik.net;;;;;;
shamcode.ru;;;;;;
independentvoice.us;;;;;;
91.98.28.154;;;;;;
websiteexamples.agency;;;;;;
highly.co;;;;;;
jonaskarlsson.co;;;;;;
cocoascientist.com;;;;;;
howtodoweb.com;;;;;;
infoq.com;;;;;;
pentoz.com;;;;;;
raywenderlich.com;;;;;;
stackoverflow.com;;;;;;
terredesel.com;;;;;;
themanifest.com;;;;;;
thisisglance.com;;;;;;
thriveglobal.com;;;;;;
wdevops.com;;;;;;
stephaniewalter.fr;;;;;;
baiduhidevios.github.io;;;;;;
boute.ir;;;;;;
ahlusunna.org;;;;;;
liof.org;;;;;;
opelcikmayedekparca.org;;;;;;
alterprogs.ru;;;;;;
samsung4android.ru;;;;;;
indigo.co.ua;;;;;;
91yian.com;;;;;;
applikeysolutions.com;;;;;;
dongcoder.com;;;;;;
keywordsdoctor.com;;;;;;
mtons.com;;;;;;
phperz.com;;;;;;
productdisrupt.com;;;;;;
thaqafaonline.com;;;;;;
theinscribermag.com;;;;;;
uaevent.com;;;;;;
webfalse.com;;;;;;
zeef.com;;;;;;
kreativrauschen.de;;;;;;
ajello.info;;;;;;
stmag.info;;;;;;
iandai.github.io;;;;;;
willyan.me;;;;;;
sohabr.net;;;;;;
andrewumc.org;;;;;;
loadaverage.org;;;;;;
habrahabr.ru;;;;;;
kalmykia.us;;;;;;
websiteranking.agency;;;;;;
jetecommerce.com.br;;;;;;
skillart.cn;;;;;;
ui.cn;;;;;;
almanoof.co;;;;;;
ello.co;;;;;;
index.co;;;;;;
interiordesignflorida.co;;;;;;
52laoshiji.com;;;;;;
71hui.com;;;;;;
aaronandroiddev.blogspot.com;;;;;;
hotelsinlasvegaspukuzosa.blogspot.com;;;;;;
ipixelcreative.blogspot.com;;;;;;
joelluz.blogspot.com;;;;;;
wirosa.blogspot.com;;;;;;
camphus.com;;;;;;
codesocang.com;;;;;;
designbolts.com;;;;;;
devbattles.com;;;;;;
digitaljournal.com;;;;;;
dr-hempel-network.com;;;;;;
dzone.com;;;;;;
gitee.com;;;;;;
gotvantage.com;;;;;;
hauserscovehomesonthelake.com;;;;;;
idevie.com;;;;;;
ifanr.com;;;;;;
indieiosfocus.com;;;;;;
jar-download.com;;;;;;
job-yangoo.com;;;;;;
jobspotting.com;;;;;;
knowpia.com;;;;;;
kotlintc.com;;;;;;
navkolonas.com;;;;;;
opendatabot.com;;;;;;
pass4dumps.com;;;;;;
pdhotspot.com;;;;;;
phpscriptdirectory.com;;;;;;
principlerepo.com;;;;;;
qiscus.com;;;;;;
readymag.com;;;;;;
runoob.com;;;;;;
shoutmeloud.com;;;;;;
sibche.com;;;;;;
solsticepower.com;;;;;;
stilroof.com;;;;;;
suoniao.com;;;;;;
supplypost.com;;;;;;
tailec.com;;;;;;
tapfame.com;;;;;;
teckfly.com;;;;;;
tgdaily.com;;;;;;
typesample.com;;;;;;
wacom.com;;;;;;
wangsong520.com;;;;;;
weihungliu.com;;;;;;
wxdroid.com;;;;;;
xiaoxiansheng.com;;;;;;
itweekend.events;;;;;;
inosmi.info;;;;;;
vsibiri.info;;;;;;
gank.io;;;;;;
skykai521.github.io;;;;;;
yume190.github.io;;;;;;
bot.kz;;;;;;
ezcx.net;;;;;;
hi-rich.net;;;;;;
lan6.net;;;;;;
oschina.net;;;;;;
softroad.net;;;;;;
kiwix.org;;;;;;
nxtforum.org;;;;;;
technofaq.org;;;;;;
darrarski.pl;;;;;;
apps4all.ru;;;;;;
designmojo.ru;;;;;;
informatio.ru;;;;;;
lpgzt.ru;;;;;;
ngs.ru;;;;;;
render.ru;;;;;;
rusregioninform.ru;;;;;;
s2z.ru;;;;;;
techvesti.ru;;;;;;
work.ua;;;;;;
thebestpets.us;;;;;;
123.57.218.54;;;;;;
18.209.126.167;;;;;;
websitelayout.agency;;;;;;
websitemaking.agency;;;;;;
rubyonrails.ba;;;;;;
swifty.cc;;;;;;
androidblog.cn;;;;;;
beibq.cn;;;;;;
devstore.cn;;;;;;
j321.cn;;;;;;
jiaoyigui.cn;;;;;;
djinni.co;;;;;;
ressume.co;;;;;;
vistalist.co;;;;;;
android-arsenal.com;;;;;;
apptweak.com;;;;;;
apsense.com;;;;;;
bittreat.com;;;;;;
berthastover.blogspot.com;;;;;;
cuponeanconmigo.blogspot.com;;;;;;
formyourownfuture.blogspot.com;;;;;;
habrparser.blogspot.com;;;;;;
marketinggoogl.blogspot.com;;;;;;
bubuko.com;;;;;;
buildfire.com;;;;;;
clouderwork.com;;;;;;
devtang.com;;;;;;
exionz.com;;;;;;
farfromhappy.com;;;;;;
freebiejar.com;;;;;;
fullstackua.com;;;;;;
getresponse.com;;;;;;
gulfirevision.com;;;;;;
innofied.com;;;;;;
itdaan.com;;;;;;
itshenry.com;;;;;;
medium.com;;;;;;
mobiledevweekly.com;;;;;;
myevolvedbody.com;;;;;;
ongoodbits.com;;;;;;
pfind.com;;;;;;
producthunt.com;;;;;;
see-source.com;;;;;;
sellmyapp.com;;;;;;
sendbird.com;;;;;;
softf1.com;;;;;;
tqcto.com;;;;;;
tutorialchip.com;;;;;;
uxdesign247.com;;;;;;
webdevelopmentcost.com;;;;;;
xataka.com;;;;;;
zhishichong.com;;;;;;
ediebrickell.info;;;;;;
gendolf.info;;;;;;
frodoking.github.io;;;;;;
gabrielghe.github.io;;;;;;
scotch.io;;;;;;
classmethod.jp;;;;;;
japaneseclass.jp;;;;;;
hatena.ne.jp;;;;;;
bigdataexpo.net;;;;;;
indywatch.org;;;;;;
metacpan.org;;;;;;
rubygarage.org;;;;;;
asmo.ru;;;;;;
iphone-mods.ru;;;;;;
madcats.ru;;;;;;
ingvarr.net.ru;;;;;;
penza-press.ru;;;;;;
thevista.ru;;;;;;
planetvenus.space;;;;;;
webcreator.ua;;;;;;
computercentral.us;;;;;;
nprint.us;;;;;;
rocko.xyz;;;;;;
websiteaudit.agency;;;;;;
geniusbank.biz;;;;;;
codificar.com.br;;;;;;
concrete.com.br;;;;;;
fitmobile.com.br;;;;;;
dev.by;;;;;;
amaprd.cc;;;;;;
iphil.cc;;;;;;
gnusocial.club;;;;;;
allluckly.cn;;;;;;
bugcode.cn;;;;;;
cokco.cn;;;;;;
electric-cloud.com.cn;;;;;;
kingwins.com.cn;;;;;;
hihot.cn;;;;;;
linux.cn;;;;;;
shidian.net.cn;;;;;;
sdk.cn;;;;;;
cranleigh-taxi.co;;;;;;
curated.co;;;;;;
hurree.co;;;;;;
muzofox.co;;;;;;
sneakysmart.co;;;;;;
1873nn.com;;;;;;
36zhen.com;;;;;;
3d2000.com;;;;;;
accessdomain.com;;;;;;
adkdevelopment.com;;;;;;
adomikao.com;;;;;;
albertarroyo.com;;;;;;
alex-zaitsev.com;;;;;;
aliyun.com;;;;;;
anews.com;;;;;;
angularbooks.com;;;;;;
appmarketingstack.com;;;;;;
appsee.com;;;;;;
apsalar.com;;;;;;
apterainc.com;;;;;;
atsid.com;;;;;;
audit-gsc.com;;;;;;
aulaformativa.com;;;;;;
b2b-ray.com;;;;;;
bacsoftwareconsulting.com;;;;;;
bilshe.com;;;;;;
beatrizciudadescolar.blogspot.com;;;;;;
latessearchengineupdatestoday.blogspot.com;;;;;;
madelifesmart.blogspot.com;;;;;;
noelhodson.blogspot.com;;;;;;
burakustn.com;;;;;;
changelog.com;;;;;;
cheap-mom.com;;;;;;
cmgine.com;;;;;;
cocoacontrols.com;;;;;;
codeceo.com;;;;;;
codingsky.com;;;;;;
commsaxis.com;;;;;;
content-loop.com;;;;;;
curcuyo.com;;;;;;
dareboost.com;;;;;;
detroitlabs.com;;;;;;
developer.com;;;;;;
digitaldurda.com;;;;;;
digitalistmag.com;;;;;;
downloadappsfor.com;;;;;;
ekaprasasti.com;;;;;;
electric-cloud.com;;;;;;
emgeesoft.com;;;;;;
evangelischefreikirche.com;;;;;;
ferdbi.com;;;;;;
forhy.com;;;;;;
freebiesupply.com;;;;;;
freewechat.com;;;;;;
funnycaptions.com;;;;;;
geekgrade.com;;;;;;
play.google.com;;;;;;
guarana-technologies.com;;;;;;
hawkingouyang.com;;;;;;
helptile.com;;;;;;
hercampus.com;;;;;;
hl1987.com;;;;;;
houselens.com;;;;;;
icicletech.com;;;;;;
imooc.com;;;;;;
index-webdesign.com;;;;;;
infinigeek.com;;;;;;
instabug.com;;;;;;
instamour.com;;;;;;
iosicongallery.com;;;;;;
iphonerelease.com;;;;;;
ipragmatech.com;;;;;;
itlao5.com;;;;;;
itserbiapodcast.com;;;;;;
itxiaoji.com;;;;;;
ityounker.com;;;;;;
jabahub.com;;;;;;
jeevesknows.com;;;;;;
jfcol.com;;;;;;
jiasuhui.com;;;;;;
kdp-info.com;;;;;;
kewangst.com;;;;;;
kickstarter.com;;;;;;
konsus.com;;;;;;
kotlinist.com;;;;;;
landingfolio.com;;;;;;
legatobfzblog.com;;;;;;
libhive.com;;;;;;
likrot.com;;;;;;
lingkb.com;;;;;;
makesuccessfulapp.com;;;;;;
mobilemarketer.com;;;;;;
mycustomer.com;;;;;;
normalhh.com;;;;;;
notifyninja.com;;;;;;
nukbin.com;;;;;;
ohpeponi.com;;;;;;
php-master.com;;;;;;
pingtaimeng.com;;;;;;
plimbi.com;;;;;;
principleformac.com;;;;;;
programmingpodcasts.com;;;;;;
psdrepo.com;;;;;;
pukins.com;;;;;;
rubyweekly.com;;;;;;
seekport.com;;;;;;
segmentfault.com;;;;;;
semanticjuice.com;;;;;;
sitefiyatlari.com;;;;;;
smartsoftware247.com;;;;;;
softspadix.com;;;;;;
startups-ideas.com;;;;;;
sugipan.com;;;;;;
swifthumb.com;;;;;;
techflier.com;;;;;;
thedailyprogrammer.com;;;;;;
thetoptens.com;;;;;;
tombocare.com;;;;;;
topbestsell.com;;;;;;
topicdeck.com;;;;;;
tryexcept.com;;;;;;
uezxc.com;;;;;;
uisck.com;;;;;;
ukraineoutsourcingrates.com;;;;;;
valosohub.com;;;;;;
visionusamugs.com;;;;;;
vswwe.com;;;;;;
w3cmap.com;;;;;;
wcxyfw.com;;;;;;
wdg-jp.com;;;;;;
webdesignledger.com;;;;;;
weflog.com;;;;;;
xkcoding.com;;;;;;
yfsmagazine.com;;;;;;
yieldify.com;;;;;;
from.digital;;;;;;
pinterest.es;;;;;;
slid.es;;;;;;
spec.fm;;;;;;
jitech.gr;;;;;;
adecco.co.il;;;;;;
mekomit.co.il;;;;;;
build-x.info;;;;;;
clankuj.info;;;;;;
czprace.info;;;;;;
digital-s.info;;;;;;
fozocske.info;;;;;;
freegood.info;;;;;;
hintoninteriors.info;;;;;;
morevblog.info;;;;;;
pourvous.info;;;;;;
profitday.info;;;;;;
thierryhenryblog.info;;;;;;
chiragjn.github.io;;;;;;
lp380490944.github.io;;;;;;
mobilev5.github.io;;;;;;
tao1010.github.io;;;;;;
sidebar.io;;;;;;
techfeed.io;;;;;;
toutiao.io;;;;;;
wyc.io;;;;;;
ffsconsult.me;;;;;;
tengbin.me;;;;;;
yanshuo.me;;;;;;
57883.net;;;;;;
allo-card.net;;;;;;
d2si0b2wb4t75n.cloudfront.net;;;;;;
codingvideos.net;;;;;;
enzhu.net;;;;;;
getdeveloper.net;;;;;;
laxride.net;;;;;;
lbmn.net;;;;;;
photoshopvip.net;;;;;;
qingruanit.net;;;;;;
smartalecmedia.net;;;;;;
techglobex.net;;;;;;
voragine.net;;;;;;
cajnews.com.ng;;;;;;
makingwaves.no;;;;;;
ecowrex.org;;;;;;
hostdir.org;;;;;;
iotahosting.org;;;;;;
letsdoitworld.org;;;;;;
mxchange.org;;;;;;
nodexlgraphgallery.org;;;;;;
kombib.rs;;;;;;
asusmobile.ru;;;;;;
c-t-s.ru;;;;;;
fcmag.ru;;;;;;
hornews.ru;;;;;;
liveinternet.ru;;;;;;
mediaskunk.ru;;;;;;
onegadget.ru;;;;;;
os-chrome.ru;;;;;;
pr-cy.ru;;;;;;
supreme2.ru;;;;;;
tablets24.ru;;;;;;
techrocks.ru;;;;;;
topinsider.ru;;;;;;
touchin.ru;;;;;;
webtowar.ru;;;;;;
list.show;;;;;;
gltech.site;;;;;;
freelance.today;;;;;;
ain.ua;;;;;;
gadgetstyle.com.ua;;;;;;
levelup.dp.ua;;;;;;
itdirector.net.ua;;;;;;
itdirector.org.ua;;;;;;
vj.ua;;;;;;
sledge.co.uk;;;;;;
youteam.co.uk;;;;;;
architerra.us;;;;;;
baseballposse.us;;;;;;
bernhard.us;;;;;;
bradcooper.us;;;;;;
copernican.us;;;;;;
drpools.us;;;;;;
financial-freedom.us;;;;;;
flipverse.us;;;;;;
forevernowcenter.us;;;;;;
franklindes.us;;;;;;
godscloset.us;;;;;;
indiantreasures.us;;;;;;
lifeonthefarm.us;;;;;;
littlelegend.us;;;;;;
logoshop.us;;;;;;
oscarpoppa.us;;;;;;
paleo-recipes.us;;;;;;
takethemic.us;;;;;;
teacheng.us;;;;;;
tedmorin.us;;;;;;
wherervnow.us;;;;;;
down.vn;;;;;;
blogtime.xyz;;;;;;
kenhike.ae;;;;;;
vintage.agency;;;;;;
armeniasputnik.am;;;;;;
mobielerwerken.be;;;;;;
travaillerplusmobile.be;;;;;;
eliyar.biz;;;;;;
rehabhelp.biz;;;;;;
fatosdesconhecidos.com.br;;;;;;
viajali.com.br;;;;;;
cern.ch;;;;;;
vlus.club;;;;;;
sina.com.cn;;;;;;
istarvip.cn;;;;;;
osfeng.cn;;;;;;
sendtion.cn;;;;;;
yfmingo.cn;;;;;;
yqso.cn;;;;;;
briisk.co;;;;;;
e27.co;;;;;;
incredo.co;;;;;;
itfirms.co;;;;;;
thecolossus.co;;;;;;
abilogic.com;;;;;;
admin10000.com;;;;;;
aichengxu.com;;;;;;
andybargh.com;;;;;;
appcues.com;;;;;;
appmasters.com;;;;;;
appyspot.com;;;;;;
badoo.com;;;;;;
bestswifter.com;;;;;;
bgosoftware.com;;;;;;
bigdata-madesimple.com;;;;;;
bitrebels.com;;;;;;
4lan5.blogspot.com;;;;;;
b4gen.blogspot.com;;;;;;
gamenewvip.blogspot.com;;;;;;
msceventtourism.blogspot.com;;;;;;
sci-fi-future-fact-fiction.blogspot.com;;;;;;
topratedyoutubesvideos.blogspot.com;;;;;;
breadcrumbscentral.com;;;;;;
brianyang.com;;;;;;
bricktowntom.com;;;;;;
businesscoot.com;;;;;;
chupamobile.com;;;;;;
cloudcomputingexpo.com;;;;;;
codedou.com;;;;;;
codedwebmaster.com;;;;;;
codenameone.com;;;;;;
company.com;;;;;;
cooladata.com;;;;;;
cryptocoincache.com;;;;;;
devops.com;;;;;;
devopsish.com;;;;;;
dos-news.com;;;;;;
downloadxapp.com;;;;;;
echojb.com;;;;;;
eduonix.com;;;;;;
ehotelier.com;;;;;;
eurozine.com;;;;;;
excellentwebworld.com;;;;;;
fagrhost.com;;;;;;
fantasticpixcool.com;;;;;;
fernandocejas.com;;;;;;
foximas.com;;;;;;
fungjaizine.com;;;;;;
hashnode.com;;;;;;
homebusinessmag.com;;;;;;
honestcoffees.com;;;;;;
hyipitem.com;;;;;;
iiceblue.com;;;;;;
inapptics.com;;;;;;
informaticaumanistica.com;;;;;;
injobresumes.com;;;;;;
iosdevweekly.com;;;;;;
itcraftapps.com;;;;;;
jalalkun.com;;;;;;
jiandaima.com;;;;;;
jishudog.com;;;;;;
jnchache.com;;;;;;
jvetrau.com;;;;;;
k-grayengineeringeducation.com;;;;;;
keywordbasket.com;;;;;;
keywordsuggests.com;;;;;;
kotlinandroidtutorials.com;;;;;;
kuqin.com;;;;;;
lunareclipsecalendar.com;;;;;;
magaya.com;;;;;;
matcl.com;;;;;;
mcfadyen.com;;;;;;
mixrank.com;;;;;;
myopportunity.com;;;;;;
nixuchen.com;;;;;;
officiallyfun.com;;;;;;
onmogul.com;;;;;;
oudahe.com;;;;;;
ownate.com;;;;;;
papaly.com;;;;;;
piasy.com;;;;;;
picsolds.com;;;;;;
podpalace.com;;;;;;
principleux.com;;;;;;
pro-tablets.com;;;;;;
psdreams.com;;;;;;
pubnub.com;;;;;;
retailcustomerexperience.com;;;;;;
rswebsols.com;;;;;;
rwpod.com;;;;;;
saigoneer.com;;;;;;
sasapost.com;;;;;;
seamgen.com;;;;;;
secye.com;;;;;;
sigos.com;;;;;;
sld-moving.com;;;;;;
smsfreeglobal.com;;;;;;
so.com;;;;;;
socialtimeout.com;;;;;;
softheme.com;;;;;;
statuscode.com;;;;;;
studybreaks.com;;;;;;
swiftmi.com;;;;;;
t2conline.com;;;;;;
tavanoteam.com;;;;;;
the9edu.com;;;;;;
theherdlocker.com;;;;;;
theodysseyonline.com;;;;;;
theymakeapps.com;;;;;;
thingsexpo.com;;;;;;
tofradogs.com;;;;;;
toptechbiz.com;;;;;;
tune.com;;;;;;
tzhqvipdyw.com;;;;;;
updato.com;;;;;;
venturepact.com;;;;;;
weslack.com;;;;;;
whallalabs.com;;;;;;
womendailymagazine.com;;;;;;
wrox.com;;;;;;
xing.com;;;;;;
yakmob.com;;;;;;
yanxuekun.com;;;;;;
yelloyello.com;;;;;;
yeungeek.com;;;;;;
zdltech.com;;;;;;
zendei.com;;;;;;
zybuluo.com;;;;;;
bestmobilehome.design;;;;;;
gangbase.design;;;;;;
christmashappynewyears.download;;;;;;
boisestate.edu;;;;;;
diariotecnologia.es;;;;;;
ianpatrickhin.es;;;;;;
socialmind.gr;;;;;;
bezva.info;;;;;;
dsldequine.info;;;;;;
frenzirigling.info;;;;;;
greenhouse-building.info;;;;;;
mtrvb.info;;;;;;
myscribbledthoughts.info;;;;;;
nedeximpo.info;;;;;;
spottedwielun.info;;;;;;
biocard.io;;;;;;
al1020119.github.io;;;;;;
andrew-anlu.github.io;;;;;;
awesomerank.github.io;;;;;;
binglumeng.github.io;;;;;;
cwisoftware.github.io;;;;;;
sibylfiresoul.github.io;;;;;;
altcoin.ist;;;;;;
kotlin.link;;;;;;
judgify.me;;;;;;
dead.net;;;;;;
ericd.net;;;;;;
federati.net;;;;;;
imeetyou.net;;;;;;
learninglaravel.net;;;;;;
novostiit.net;;;;;;
v-play.net;;;;;;
we-it.net;;;;;;
webfeed.online;;;;;;
android-club.org;;;;;;
communic-action.org;;;;;;
jiesi.org;;;;;;
lunzi.org;;;;;;
mrfrontend.org;;;;;;
ofisp.org;;;;;;
project-awesome.org;;;;;;
ryuuzaki.org;;;;;;
warosu.org;;;;;;
sbi.rs;;;;;;
androidlife.ru;;;;;;
mobipukka.ru;;;;;;
wd-x.ru;;;;;;
webvybory2012.ru;;;;;;
now.sh;;;;;;
thinkapple.sk;;;;;;
uamobi.tech;;;;;;
walkingtree.tech;;;;;;
aware.co.th;;;;;;
dev.to;;;;;;
adamzhang.top;;;;;;
yipingmi.top;;;;;;
lvbs.com.ua;;;;;;
opplog.com.ua;;;;;;
quartsoft.com.ua;;;;;;
dnu.dp.ua;;;;;;
marketing.dp.ua;;;;;;
secret-bases.co.uk;;;;;;
33pipi.us;;;;;;
december19.us;;;;;;
sb30.us;;;;;;
лендинг.укр;;;;;;
120.25.250.177;;;;;;
buenperrolab.com.ar;;;;;;
cur.at;;;;;;
fridayexit.at;;;;;;
cqsteel.com.au;;;;;;
enterprisemonkey.com.au;;;;;;
fionajohnson.com.au;;;;;;
goldcoastcontainers.com.au;;;;;;
identika.com.au;;;;;;
plasticfactory.com.au;;;;;;
academica.ba;;;;;;
klix.ba;;;;;;
deschrijfkaravaan.be;;;;;;
entreprise-riccardo-scavone.be;;;;;;
kidisports.be;;;;;;
vliegdeals.be;;;;;;
americajoinville.com.br;;;;;;
bunghole.com.br;;;;;;
empilhatrans.com.br;;;;;;
fecju.com.br;;;;;;
fontedavida.com.br;;;;;;
gtpragmatismo.com.br;;;;;;
importandosuplementos.com.br;;;;;;
mauroguiselini.com.br;;;;;;
vivianeregino.com.br;;;;;;
unifap.br;;;;;;
fingers.by;;;;;;
freelancehunt.by;;;;;;
cetoc.ca;;;;;;
investigationsami.ca;;;;;;
nationtalk.ca;;;;;;
placedesarts.ca;;;;;;
platinumblondeworld.ca;;;;;;
theotherpress.ca;;;;;;
code123.cc;;;;;;
startus.cc;;;;;;
meiwen.com.cn;;;;;;
edu2act.cn;;;;;;
igooda.cn;;;;;;
loverobots.cn;;;;;;
sightsoft.cn;;;;;;
sxt.cn;;;;;;
aglabs.co;;;;;;
arquitecturai.co;;;;;;
bookmyad.co;;;;;;
clutch.co;;;;;;
crayon.co;;;;;;
estrategys.co;;;;;;
parsmobile.co;;;;;;
restrictedstock.co;;;;;;
rfid-locker.co;;;;;;
trybe.co;;;;;;
upvotes.co;;;;;;
110xingshi.com;;;;;;
1topinsurance.com;;;;;;
4answered.com;;;;;;
5dollarsite.com;;;;;;
5ensesmag.com;;;;;;
92space.com;;;;;;
aboutsportsradio.com;;;;;;
abriluno.com;;;;;;
activetutorial.com;;;;;;
addictionhotlinedallas.com;;;;;;
addonhunt.com;;;;;;
addressthismess.com;;;;;;
adkcheese.com;;;;;;
alexruperez.com;;;;;;
allwomenstalk.com;;;;;;
alwayslatetv.com;;;;;;
amatricesfrancaise.com;;;;;;
anderbot.com;;;;;;
androidcentral.com;;;;;;
androidhiro.com;;;;;;
androidpolice.com;;;;;;
anglersurvey.com;;;;;;
apk4now.com;;;;;;
app.com;;;;;;
appadvice.com;;;;;;
appagg.com;;;;;;
appbrain.com;;;;;;
appmarketingweekly.com;;;;;;
appsshot.com;;;;;;
arizonadealerlicensing.com;;;;;;
asperkids.com;;;;;;
aspku.com;;;;;;
astridjacobsen.com;;;;;;
atataweb.com;;;;;;
ationsz.com;;;;;;
aujpoj.com;;;;;;
autoescuelasalazar.com;;;;;;
awwwards.com;;;;;;
backingso.com;;;;;;
backroom-rome.com;;;;;;
bark.com;;;;;;
bbsmax.com;;;;;;
beachlife4life.com;;;;;;
beerbraintrivia.com;;;;;;
bestdesign2themes.com;;;;;;
beyondthrilled.com;;;;;;
biggamesmachine.com;;;;;;
bimbel-imsmart.com;;;;;;
bitcoinist.com;;;;;;
bizofit.com;;;;;;
blatantmisrep.com;;;;;;
blogroselin.com;;;;;;
android-delight.blogspot.com;;;;;;
codeworld55.blogspot.com;;;;;;
bloomberg.com;;;;;;
bookmark4you.com;;;;;;
boostlizer.com;;;;;;
boxmash.com;;;;;;
breathemamma.com;;;;;;
bywiki.com;;;;;;
cadenadial.com;;;;;;
canacopegdl.com;;;;;;
capemay.com;;;;;;
celebuzz.com;;;;;;
checkwebsiteprice.com;;;;;;
cheratingbayviewresort.com;;;;;;
chirubhat.com;;;;;;
chrisstokesblog.com;;;;;;
cjstarrcomedy.com;;;;;;
cloudsmallbusinessservice.com;;;;;;
cloutonline.com;;;;;;
cmolink.com;;;;;;
codertw.com;;;;;;
coderwall.com;;;;;;
codingame.com;;;;;;
codysstuff.com;;;;;;
colabug.com;;;;;;
colorfulmobile.com;;;;;;
compactbyte.com;;;;;;
completetrackandfield.com;;;;;;
contentle.com;;;;;;
contractiq.com;;;;;;
corporatetrainersbureau.com;;;;;;
cosmicformulae.com;;;;;;
courtstreetproductions.com;;;;;;
cpamining.com;;;;;;
creative-tim.com;;;;;;
creativemornings.com;;;;;;
crossfeelings.com;;;;;;
crossfitaustin.com;;;;;;
crossfitforesthills.com;;;;;;
crossfitonenation.com;;;;;;
crossfitsingularbox.com;;;;;;
crossfittampere.com;;;;;;
cruer.com;;;;;;
cruiseaddictsnews.com;;;;;;
crushedcrown.com;;;;;;
csswinner.com;;;;;;
d-ferro.com;;;;;;
dankaijosei.com;;;;;;
datasciencecentral.com;;;;;;
daynhauhoc.com;;;;;;
defaultlogic.com;;;;;;
